YYYY,MM,DD,hh,mm,ss,ADCTemp_Tenths,BatchTestTime,CCCType,CPUUtilization,Cal,CellFolder,CellSerialNumber,CellTotalHeater_mA,Column,CoolDmd,DUTX_A,DUTY_A,DefaultMaxHandlingTemp,DefaultNegativeRampRate,DefaultPositiveRampRate,DriveFan_Dmd,DriveFan_MeasuredRPM,DriveIO_V,DriveSN1,DriveSN2,DriveSupplyX_A,DriveSupplyX_V,DriveSupplyY_A,DriveSupplyY_V,EFGHCode1,EFGHCode2,ElectronicsFan_Dmd_1,ElectronicsFan_Dmd_2,ElectronicsFan_MeasuredRPM_1,ElectronicsFan_MeasuredRPM_2,ElectronicsFan_MeasuredRPM_3,ElectronicsFan_MeasuredRPM_4,ElectronicsFan_MeasuredRPM_5,EnvStatusFlags,FPGACellInterlocks,FTemp,FanSpeedControlActive,FirmwareVersionMajor,FirmwareVersionMinor,FlowTemp_Tenths,FoundFTemp,FoundMaxTemp,FoundMinTemp,FoundTATarget,FreeRAM,HeatDmd,HeaterInterlockTripReasons,Input_A,IsAirValveOk,IsCellOnTemp,IsDaughterPluggedIn,IsDriveFanSpeedOk,IsDrivePluggedIn,IsDuelDriveCell,IsEEPROMOk,IsElectronicsFanSpeedOk,IsFirmwareOk,IsHeaterOk,IsOverTempOk,IsRimPluggedIn,IsSuppliesOk,IsVCLimitOk,MaxNegativeRampRate,MaxPositiveRampRate,MaxTemp,MaxTemperature,MeasuredCurrentRate,MemoryAvailable,MinTemp,MinTemperature,Mode,Operation,PFCode1,PFCode2,PSUStatus,PlugStatus,Product,RBFVersionMajor,RBFVersionMinor,ReturnTemp_Tenths,Row,SERef_V,SWVersion,SafeHandlingTemp,SharedSRef_V,Slot,SlotOperation,SupplyInterlockTripReasons,TATargetTemp,TargetTempRateControlled,TargetTemp_Tenths,TempControlMode,TesterID,TotalRAM,UsedRAM,Volts1v2,Volts1v8,Volts24v,Volts3v3,Volts5v,WRFTempMode_Active_now,WRLastFTempReading,WRLastMedianFTempReading,WRLastReqAirTargetToCell,WRLastReqTargetFromTA,WR_GetNegativeRampRate,WR_GetPositiveRampRate,WR_IOPWantControlByFTemp,WR_SIOWantControlByFTemp,WrapperOnTemp,dmd_D,dmd_I,dmd_P
2023,7,7,20,17,56,25.3,,OMEGAAMC,4,4.097,Cell0208,0x005103,3.666,12,0,0,0,40,1,1,137,4500,3.292,WXE808KX6102,NONE,0,0.026,0,0.023,NONE,NONE,88,85,3008,2902,0,0,0,0,0,-1,1,0x00,0x57,26.7,-1,-1,-1,-1,0,53,0,1.107,TRUE,FALSE,FALSE,TRUE,TRUE,FALSE,TRUE,TRUE,TRUE,TRUE,TRUE,FALSE,TRUE,TRUE,99.9,60,-1,70,0,0,-1,15,Multiple Environment,XQUAL,NONE,NONE,8224,1,KOJIN-RE,0,22,999.9,2,2.489,52.0.85.15,35,3.32,8,XQUAL,0,-1,26.7,35,Ramp To Temperature,PM282,0,0,1.21,1.935,23.438,3.384,5.141,-1,-1,,-1,-1,-1,-1,,-1,-1,0,53,0
2023,7,7,20,24,15,25.6,,OMEGAAMC,6,4.097,Cell0208,0x005103,0.003,12,0,0.199,0.224,40,1,1,136,4493,3.292,WXE808KX6102,NONE,0.199,5,0.224,12.015,NONE,NONE,88,84,3008,2905,0,0,0,1,0,0,1,0x00,0x57,24.7,0,0,0,0,0,0,0,2.393,TRUE,TRUE,FALSE,TRUE,TRUE,FALSE,TRUE,TRUE,TRUE,TRUE,TRUE,FALSE,TRUE,TRUE,99.9,60,0,70,0,0,0,15,Multiple Environment,XQUAL,NONE,NONE,13107,1,KOJIN-RE,0,22,999.9,2,2.489,52.0.85.15,35,3.32,8,XQUAL,0,0,35,35,Safe Handling,PM282,0,0,1.21,1.935,23.821,3.385,5.141,0,240,-1,0,0,0,0,-1,1,1,0,0,0
2023,7,7,20,25,46,25.6,,OMEGAAMC,6,4.097,Cell0208,0x005103,0.002,12,0,0.198,0.222,40,1,1,136,4486,3.291,WXE808KX6102,NONE,0.198,5,0.222,12.015,NONE,NONE,87,84,2992,2914,0,0,0,1,0,0,1,0x00,0x57,24.9,0,0,0,0,0,0,0,2.544,TRUE,TRUE,FALSE,TRUE,TRUE,FALSE,TRUE,TRUE,TRUE,TRUE,TRUE,FALSE,TRUE,TRUE,99.9,60,0,70,0,0,0,15,Multiple Environment,XQUAL,NONE,NONE,13107,1,KOJIN-RE,0,22,999.9,2,2.489,52.0.85.15,35,3.32,8,XQUAL,0,0,35,35,Safe Handling,PM282,0,0,1.21,1.935,23.761,3.384,5.141,0,240,-1,0,0,0,0,-1,1,1,0,0,0
2023,7,7,20,27,18,25.6,,OMEGAAMC,6,4.097,Cell0208,0x005103,2.128,12,0,0.2,0.224,40,1,1,137,4514,3.292,WXE808KX6102,NONE,0.2,4.999,0.224,12.015,NONE,NONE,87,83,2998,2902,0,0,0,0,0,24,1,0x00,0x57,26.3,1,0,0,1,0,27,0,2.334,TRUE,FALSE,FALSE,TRUE,TRUE,FALSE,TRUE,TRUE,TRUE,TRUE,TRUE,FALSE,TRUE,TRUE,99.9,60,0,70,0,0,0,15,Multiple Environment,XQUAL,NONE,NONE,13107,1,KOJIN-RE,0,22,999.9,2,2.489,52.0.85.15,35,3.32,8,XQUAL,0,60,26.3,70,Ramp To Temperature,PM282,0,0,1.21,1.935,23.29,3.384,5.141,1,240,-1,700,600,0,0,-1,1,0,0,25,1
2023,7,7,20,28,49,25.6,,OMEGAAMC,7,4.097,Cell0208,0x005103,2.377,12,0,0.199,0.224,40,1,1,137,4507,3.292,WXE808KX6102,NONE,0.199,4.999,0.224,12.015,NONE,NONE,87,84,2998,2908,0,0,0,0,0,24,1,0x00,0x57,27.9,1,0,0,1,0,36,0,2.344,TRUE,FALSE,FALSE,TRUE,TRUE,FALSE,TRUE,TRUE,TRUE,TRUE,TRUE,FALSE,TRUE,TRUE,99.9,60,0,70,0,0,0,15,Multiple Environment,XQUAL,NONE,NONE,13107,1,KOJIN-RE,0,22,999.9,2,2.489,52.0.85.15,35,3.32,8,XQUAL,0,60,27.8,70,Ramp To Temperature,PM282,0,0,1.21,1.935,23.258,3.384,5.141,1,240,-1,700,600,0,0,-1,1,0,0,36,0
2023,7,7,20,30,20,25.6,,OMEGAAMC,7,4.097,Cell0208,0x005103,3.577,12,0,0.199,0.219,40,1,1,136,4493,3.292,WXE808KX6102,NONE,0.199,4.999,0.219,12.015,NONE,NONE,87,83,2992,2890,0,0,0,0,0,26,1,0x00,0x57,29.4,1,0,0,1,0,47,0,2.348,TRUE,FALSE,FALSE,TRUE,TRUE,FALSE,TRUE,TRUE,TRUE,TRUE,TRUE,FALSE,TRUE,TRUE,99.9,60,0,70,0,0,0,15,Multiple Environment,XQUAL,NONE,NONE,13107,1,KOJIN-RE,0,22,999.9,2,2.489,52.0.85.15,35,3.32,8,XQUAL,0,60,29.4,70,Ramp To Temperature,PM282,0,0,1.21,1.935,23.432,3.384,5.141,1,260,-1,700,600,0,0,-1,1,0,0,47,0
2023,7,7,20,31,51,26,,OMEGAAMC,7,4.097,Cell0208,0x005103,3.588,12,0,0.199,0.213,40,1,1,136,4500,3.292,WXE808KX6102,NONE,0.199,4.998,0.213,12.015,NONE,NONE,87,83,2992,2902,0,0,0,0,0,26,1,0x00,0x57,30.9,1,0,0,1,0,55,0,2.338,TRUE,FALSE,FALSE,TRUE,TRUE,FALSE,TRUE,TRUE,TRUE,TRUE,TRUE,FALSE,TRUE,TRUE,99.9,60,0,70,0,0,0,15,Multiple Environment,XQUAL,NONE,NONE,13107,1,KOJIN-RE,0,22,999.9,2,2.489,52.0.85.15,35,3.32,8,XQUAL,0,60,30.9,70,Ramp To Temperature,PM282,0,0,1.21,1.935,23.262,3.384,5.141,1,260,-1,700,600,0,0,-1,1,0,0,54,0
2023,7,7,20,33,22,26,,OMEGAAMC,7,4.097,Cell0208,0x005103,3.846,12,0,0.201,0.209,40,1,1,136,4486,3.292,WXE808KX6102,NONE,0.201,4.999,0.209,12.015,NONE,NONE,88,83,3014,2902,0,0,0,0,0,27,1,0x00,0x57,32.4,1,0,0,1,0,63,0,2.338,TRUE,FALSE,FALSE,TRUE,TRUE,FALSE,TRUE,TRUE,TRUE,TRUE,TRUE,FALSE,TRUE,TRUE,99.9,60,0,70,0,0,0,15,Multiple Environment,XQUAL,NONE,NONE,13107,1,KOJIN-RE,0,22,999.9,2,2.489,52.0.85.15,35,3.321,8,XQUAL,0,60,32.4,70,Ramp To Temperature,PM282,0,0,1.21,1.935,23.071,3.384,5.141,1,270,-1,700,600,0,0,-1,1,0,0,63,0
2023,7,7,20,34,53,26,,OMEGAAMC,7,4.097,Cell0208,0x005103,3.753,12,0,0.201,0.212,40,1,1,136,4493,3.292,WXE808KX6102,NONE,0.201,4.999,0.212,12.015,NONE,NONE,88,84,3011,2908,0,0,0,0,0,28,1,0x00,0x57,33.9,1,0,0,1,0,68,0,2.316,TRUE,FALSE,FALSE,TRUE,TRUE,FALSE,TRUE,TRUE,TRUE,TRUE,TRUE,FALSE,TRUE,TRUE,99.9,60,0,70,0,0,0,15,Multiple Environment,XQUAL,NONE,NONE,13107,1,KOJIN-RE,0,22,999.9,2,2.489,52.0.85.15,35,3.321,8,XQUAL,0,60,33.9,70,Ramp To Temperature,PM282,0,0,1.21,1.935,23.154,3.384,5.141,1,280,-1,700,600,0,0,-1,1,0,0,67,1
2023,7,7,20,36,25,26,,OMEGAAMC,7,4.097,Cell0208,0x005103,5.934,12,0,0.202,0.206,40,1,1,136,4500,3.292,WXE808KX6102,NONE,0.202,4.999,0.206,12.015,NONE,NONE,88,83,3008,2902,0,0,0,0,0,30,1,0x00,0x57,35.5,1,0,0,1,0,74,0,2.295,TRUE,FALSE,FALSE,TRUE,TRUE,FALSE,TRUE,TRUE,TRUE,TRUE,TRUE,FALSE,TRUE,TRUE,99.9,60,0,70,0,0,0,15,Multiple Environment,XQUAL,NONE,NONE,13107,1,KOJIN-RE,0,22,999.9,2,2.489,52.0.85.15,35,3.321,8,XQUAL,0,60,35.4,70,Ramp To Temperature,PM282,0,0,1.21,1.935,23.203,3.384,5.141,1,300,-1,700,600,0,0,-1,1,0,0,74,0
2023,7,7,20,37,56,26.3,,OMEGAAMC,6,4.097,Cell0208,0x005103,6.005,12,0,0.202,0.204,40,1,1,136,4500,3.292,WXE808KX6102,NONE,0.202,4.998,0.204,12.015,NONE,NONE,87,83,2995,2905,0,0,0,0,0,30,1,0x00,0x57,36.9,1,0,0,1,0,81,0,2.298,TRUE,FALSE,FALSE,TRUE,TRUE,FALSE,TRUE,TRUE,TRUE,TRUE,TRUE,FALSE,TRUE,TRUE,99.9,60,0,70,0,0,0,15,Multiple Environment,XQUAL,NONE,NONE,13107,1,KOJIN-RE,0,22,999.9,2,2.489,52.0.85.15,35,3.321,8,XQUAL,0,60,36.9,70,Ramp To Temperature,PM282,0,0,1.21,1.935,23.194,3.384,5.141,1,300,-1,700,600,0,0,-1,1,0,0,79,1
2023,7,7,20,39,27,26.3,,OMEGAAMC,6,4.097,Cell0208,0x005103,5.896,12,0,0.203,0.199,40,1,1,136,4500,3.292,WXE808KX6102,NONE,0.203,4.998,0.199,12.015,NONE,NONE,87,83,2985,2914,0,0,0,0,0,32,1,0x00,0x57,38.5,1,0,0,1,0,84,0,2.286,TRUE,FALSE,FALSE,TRUE,TRUE,FALSE,TRUE,TRUE,TRUE,TRUE,TRUE,FALSE,TRUE,TRUE,99.9,60,0,70,0,0,0,15,Multiple Environment,XQUAL,NONE,NONE,13107,1,KOJIN-RE,0,22,999.9,2,2.489,52.0.85.15,35,3.321,8,XQUAL,0,60,38.4,70,Ramp To Temperature,PM282,0,0,1.21,1.935,22.992,3.384,5.141,1,320,-1,700,600,0,0,-1,1,0,0,84,0
2023,7,7,20,40,58,26.3,,OMEGAAMC,6,4.097,Cell0208,0x005103,5.894,12,0,0.203,0.201,40,1,1,136,4500,3.292,WXE808KX6102,NONE,0.203,4.998,0.201,12.015,NONE,NONE,87,83,2985,2896,0,0,0,0,0,33,1,0x00,0x57,40,1,0,0,1,0,89,0,2.273,TRUE,FALSE,FALSE,TRUE,TRUE,FALSE,TRUE,TRUE,TRUE,TRUE,TRUE,FALSE,TRUE,TRUE,99.9,60,0,70,6,0,0,15,Multiple Environment,XQUAL,NONE,NONE,13107,1,KOJIN-RE,0,22,999.9,2,2.489,52.0.85.15,35,3.321,8,XQUAL,0,60,39.9,70,Ramp To Temperature,PM282,0,0,1.21,1.935,23.003,3.384,5.141,1,330,-1,700,600,0,0,-1,1,0,0,89,0
2023,7,7,20,42,29,26.3,,OMEGAAMC,7,4.097,Cell0208,0x005103,5.933,12,0,0.203,0.198,40,1,1,136,4507,3.292,WXE808KX6102,NONE,0.203,4.998,0.198,12.015,NONE,NONE,87,82,2995,2887,0,0,0,0,0,35,1,0x00,0x57,41.5,1,0,0,1,0,93,0,2.258,TRUE,FALSE,FALSE,TRUE,TRUE,FALSE,TRUE,TRUE,TRUE,TRUE,TRUE,FALSE,TRUE,TRUE,99.9,60,0,70,0,0,0,15,Multiple Environment,XQUAL,NONE,NONE,13107,1,KOJIN-RE,0,22,999.9,2,2.489,52.0.85.15,35,3.321,8,XQUAL,0,60,41.5,70,Ramp To Temperature,PM282,0,0,1.21,1.935,22.868,3.384,5.141,1,350,-1,700,600,0,0,-1,1,0,0,93,0
2023,7,7,20,44,0,26.3,,OMEGAAMC,7,4.097,Cell0208,0x005103,5.925,12,0,0.205,0.191,40,1,1,136,4507,3.292,WXE808KX6102,NONE,0.205,4.998,0.191,12.015,NONE,NONE,87,83,2992,2908,0,0,0,0,0,35,1,0x00,0x57,43,1,0,0,1,0,98,0,2.249,TRUE,FALSE,FALSE,TRUE,TRUE,FALSE,TRUE,TRUE,TRUE,TRUE,TRUE,FALSE,TRUE,TRUE,99.9,60,0,70,0,0,0,15,Multiple Environment,XQUAL,NONE,NONE,13107,1,KOJIN-RE,0,22,999.9,2,2.489,52.0.85.15,35,3.321,8,XQUAL,0,60,43,70,Ramp To Temperature,PM282,0,0,1.21,1.935,22.937,3.384,5.141,1,350,-1,700,600,0,0,-1,1,0,0,98,0
2023,7,7,20,45,32,26.3,,OMEGAAMC,7,4.097,Cell0208,0x005103,7.262,12,0,0.206,0.189,40,1,1,136,4507,3.292,WXE808KX6102,NONE,0.206,4.998,0.189,12.015,NONE,NONE,87,83,2998,2905,0,0,0,0,0,37,1,0x00,0x57,44.6,1,0,0,1,0,103,0,2.249,TRUE,FALSE,FALSE,TRUE,TRUE,FALSE,TRUE,TRUE,TRUE,TRUE,TRUE,FALSE,TRUE,TRUE,99.9,60,0,70,0,0,0,15,Multiple Environment,XQUAL,NONE,NONE,13107,1,KOJIN-RE,0,22,999.9,2,2.489,52.0.85.15,35,3.321,8,XQUAL,0,60,44.5,70,Ramp To Temperature,PM282,0,0,1.21,1.935,22.874,3.384,5.141,1,370,-1,700,600,0,0,-1,1,0,0,102,0
2023,7,7,20,47,3,26.7,,OMEGAAMC,7,4.097,Cell0208,0x005103,7.099,12,0,0.207,0.191,40,1,1,136,4507,3.292,WXE808KX6102,NONE,0.207,4.998,0.191,12.015,NONE,NONE,87,83,2995,2911,0,0,0,0,0,39,1,0x00,0x57,46,1,0,0,1,0,106,0,2.236,TRUE,FALSE,FALSE,TRUE,TRUE,FALSE,TRUE,TRUE,TRUE,TRUE,TRUE,FALSE,TRUE,TRUE,99.9,60,0,70,0,0,0,15,Multiple Environment,XQUAL,NONE,NONE,13107,1,KOJIN-RE,0,22,999.9,2,2.489,52.0.85.15,35,3.321,8,XQUAL,0,60,46,70,Ramp To Temperature,PM282,0,0,1.21,1.935,22.877,3.384,5.141,1,390,-1,700,600,0,0,-1,1,0,0,105,1
2023,7,7,20,48,34,26.7,,OMEGAAMC,7,4.097,Cell0208,0x005103,6.977,12,0,0.208,0.188,40,1,1,136,4507,3.292,WXE808KX6102,NONE,0.208,4.998,0.188,12.015,NONE,NONE,87,83,2992,2911,0,0,0,0,0,40,1,0x00,0x57,47.6,1,0,0,1,0,110,0,2.228,TRUE,FALSE,FALSE,TRUE,TRUE,FALSE,TRUE,TRUE,TRUE,TRUE,TRUE,FALSE,TRUE,TRUE,99.9,60,0,70,0,0,0,15,Multiple Environment,XQUAL,NONE,NONE,13107,1,KOJIN-RE,0,22,999.9,2,2.489,52.0.85.15,35,3.321,8,XQUAL,0,60,47.5,70,Ramp To Temperature,PM282,0,0,1.21,1.935,22.843,3.384,5.141,1,400,-1,700,600,0,0,-1,1,0,0,108,1
2023,7,7,20,50,5,26.7,,OMEGAAMC,7,4.097,Cell0208,0x005103,8.178,12,0,0.209,0.181,40,1,1,136,4507,3.292,WXE808KX6102,NONE,0.209,4.998,0.181,12.015,NONE,NONE,87,83,2992,2914,0,0,0,0,0,41,1,0x00,0x57,49,1,0,0,1,0,113,0,2.223,TRUE,FALSE,FALSE,TRUE,TRUE,FALSE,TRUE,TRUE,TRUE,TRUE,TRUE,FALSE,TRUE,TRUE,99.9,60,0,70,0,0,0,15,Multiple Environment,XQUAL,NONE,NONE,13107,1,KOJIN-RE,0,22,999.9,2,2.49,52.0.85.15,35,3.321,8,XQUAL,0,60,49,70,Ramp To Temperature,PM282,0,0,1.21,1.935,22.981,3.384,5.141,1,410,-1,700,600,0,0,-1,1,0,0,112,1
2023,7,7,20,51,36,26.7,,OMEGAAMC,7,4.097,Cell0208,0x005103,8.176,12,0,0.209,0.184,40,1,1,135,4493,3.292,WXE808KX6102,NONE,0.209,4.998,0.184,12.015,NONE,NONE,87,83,2995,2896,0,0,0,0,0,43,1,0x00,0x57,50.6,1,0,0,1,0,120,0,2.21,TRUE,FALSE,FALSE,TRUE,TRUE,FALSE,TRUE,TRUE,TRUE,TRUE,TRUE,FALSE,TRUE,TRUE,99.9,60,0,70,0,0,0,15,Multiple Environment,XQUAL,NONE,NONE,13107,1,KOJIN-RE,0,22,999.9,2,2.489,52.0.85.15,35,3.321,8,XQUAL,0,60,50.5,70,Ramp To Temperature,PM282,0,0,1.21,1.935,22.954,3.384,5.141,1,430,-1,700,600,0,0,-1,1,0,0,118,1
2023,7,7,20,53,7,26.7,,OMEGAAMC,6,4.097,Cell0208,0x005103,6.316,12,0,0.21,0.18,40,1,1,135,4493,3.292,WXE808KX6102,NONE,0.21,4.998,0.18,12.014,NONE,NONE,87,83,3001,2911,0,0,0,0,0,44,1,0x00,0x57,52.1,1,0,0,1,0,116,0,2.205,TRUE,FALSE,FALSE,TRUE,TRUE,FALSE,TRUE,TRUE,TRUE,TRUE,TRUE,FALSE,TRUE,TRUE,99.9,60,0,70,0,0,0,15,Multiple Environment,XQUAL,NONE,NONE,13107,1,KOJIN-RE,0,22,999.9,2,2.489,52.0.85.15,35,3.321,8,XQUAL,0,60,52,70,Ramp To Temperature,PM282,0,0,1.21,1.935,23.195,3.384,5.141,1,440,-1,700,600,0,0,-1,1,0,0,116,0
2023,7,7,20,54,38,26.7,,OMEGAAMC,6,4.097,Cell0208,0x005103,7.29,12,0,0.211,0.179,40,1,1,135,4493,3.292,WXE808KX6102,NONE,0.211,4.997,0.179,12.015,NONE,NONE,87,82,2992,2905,0,0,0,0,0,46,1,0x00,0x57,53.7,1,0,0,1,0,117,0,2.187,TRUE,FALSE,FALSE,TRUE,TRUE,FALSE,TRUE,TRUE,TRUE,TRUE,TRUE,FALSE,TRUE,TRUE,99.9,60,0,70,6,0,0,15,Multiple Environment,XQUAL,NONE,NONE,13107,1,KOJIN-RE,0,22,999.9,2,2.489,52.0.85.15,35,3.321,8,XQUAL,0,60,53.6,70,Ramp To Temperature,PM282,0,0,1.21,1.935,23.205,3.384,5.141,1,460,-1,700,600,0,0,-1,1,0,0,119,-1
2023,7,7,20,56,9,26.7,,OMEGAAMC,7,4.097,Cell0208,0x005103,5.931,12,0,0.212,0.177,40,1,1,135,4493,3.292,WXE808KX6102,NONE,0.212,4.997,0.177,12.014,NONE,NONE,87,83,2992,2905,0,0,0,0,0,47,1,0x00,0x57,55.1,1,0,0,1,0,123,0,2.179,TRUE,FALSE,FALSE,TRUE,TRUE,FALSE,TRUE,TRUE,TRUE,TRUE,TRUE,FALSE,TRUE,TRUE,99.9,60,0,70,0,0,0,15,Multiple Environment,XQUAL,NONE,NONE,13107,1,KOJIN-RE,0,22,999.9,2,2.489,52.0.85.15,35,3.321,8,XQUAL,0,60,55.1,70,Ramp To Temperature,PM282,0,0,1.21,1.935,23.21,3.384,5.141,1,470,-1,700,600,0,0,-1,1,0,0,123,0
2023,7,7,20,57,41,27,,OMEGAAMC,7,4.097,Cell0208,0x005103,5.999,12,0,0.213,0.175,40,1,1,135,4500,3.292,WXE808KX6102,NONE,0.213,4.997,0.175,12.014,NONE,NONE,87,83,3008,2905,0,0,0,0,0,48,1,0x00,0x57,56.6,1,0,0,1,0,125,0,2.172,TRUE,FALSE,FALSE,TRUE,TRUE,FALSE,TRUE,TRUE,TRUE,TRUE,TRUE,FALSE,TRUE,TRUE,99.9,60,0,70,0,0,0,15,Multiple Environment,XQUAL,NONE,NONE,13107,1,KOJIN-RE,0,22,999.9,2,2.489,52.0.85.15,35,3.321,8,XQUAL,0,60,56.6,70,Ramp To Temperature,PM282,0,0,1.21,1.935,23.194,3.384,5.141,1,480,-1,700,600,0,0,-1,1,0,0,124,1
2023,7,7,20,59,12,27,,OMEGAAMC,7,4.097,Cell0208,0x005103,5.919,12,0,0.213,0.177,40,1,1,135,4493,3.292,WXE808KX6102,NONE,0.213,4.997,0.177,12.014,NONE,NONE,87,83,3005,2908,0,0,0,0,0,50,1,0x00,0x57,58.2,1,0,0,1,0,130,0,2.175,TRUE,FALSE,FALSE,TRUE,TRUE,FALSE,TRUE,TRUE,TRUE,TRUE,TRUE,FALSE,TRUE,TRUE,99.9,60,0,70,0,0,0,15,Multiple Environment,XQUAL,NONE,NONE,13107,1,KOJIN-RE,0,22,999.9,2,2.489,52.0.85.15,35,3.321,8,XQUAL,0,60,58.1,70,Ramp To Temperature,PM282,0,0,1.21,1.935,23.186,3.384,5.141,1,500,-1,700,600,0,0,-1,1,0,0,129,1
2023,7,7,21,0,43,27,,OMEGAAMC,7,4.097,Cell0208,0x005103,5.919,12,0,0.214,0.17,40,1,1,136,4514,3.292,WXE808KX6102,NONE,0.214,4.997,0.17,12.014,NONE,NONE,87,83,3005,2908,0,0,0,0,0,52,1,0x00,0x57,59.6,1,0,0,1,0,134,0,2.17,TRUE,FALSE,FALSE,TRUE,TRUE,FALSE,TRUE,TRUE,TRUE,TRUE,TRUE,FALSE,TRUE,TRUE,99.9,60,0,70,0,0,0,15,Multiple Environment,XQUAL,NONE,NONE,13107,1,KOJIN-RE,0,22,999.9,2,2.489,52.0.85.15,35,3.321,8,XQUAL,0,60,59.6,68,Ramp To Temperature,PM282,0,0,1.21,1.935,23.21,3.384,5.141,1,520,-1,680,600,0,0,-1,1,0,0,132,1
2023,7,7,21,2,14,27,,OMEGAAMC,8,4.097,Cell0208,0x005103,7.059,12,0,0.215,0.174,40,1,1,136,4500,3.292,WXE808KX6102,NONE,0.215,4.997,0.174,12.014,NONE,NONE,87,82,2995,2899,0,0,0,0,0,53,1,0x00,0x57,61.1,1,0,0,1,0,138,0,2.165,TRUE,FALSE,FALSE,TRUE,TRUE,FALSE,TRUE,TRUE,TRUE,TRUE,TRUE,FALSE,TRUE,TRUE,99.9,60,0,70,0,0,0,15,Multiple Environment,XQUAL,NONE,NONE,13107,1,KOJIN-RE,0,22,999.9,2,2.489,52.0.85.15,35,3.321,8,XQUAL,0,60,61.1,67,Ramp To Temperature,PM282,0,0,1.21,1.935,23.211,3.384,5.141,1,530,-1,670,600,0,0,-1,1,0,0,136,1
2023,7,7,21,3,45,27,,OMEGAAMC,7,4.097,Cell0208,0x005103,7.137,12,0,0.216,0.169,40,1,1,136,4507,3.292,WXE808KX6102,NONE,0.216,4.997,0.169,12.014,NONE,NONE,87,82,2998,2890,0,0,0,0,0,54,1,0x00,0x57,62.7,1,0,0,1,0,140,0,2.16,TRUE,FALSE,FALSE,TRUE,TRUE,FALSE,TRUE,TRUE,TRUE,TRUE,TRUE,FALSE,TRUE,TRUE,99.9,60,0,70,0,0,0,15,Multiple Environment,XQUAL,NONE,NONE,13107,1,KOJIN-RE,0,22,999.9,2,2.489,52.0.85.15,35,3.321,8,XQUAL,0,60,62.6,66,Ramp To Temperature,PM282,0,0,1.21,1.935,23.118,3.384,5.141,1,540,-1,660,600,0,0,-1,1,0,0,140,0
2023,7,7,21,5,16,27.4,,OMEGAAMC,7,4.097,Cell0208,0x005103,7.014,12,0,0.218,0.166,40,1,1,136,4500,3.292,WXE808KX6102,NONE,0.218,4.996,0.166,12.014,NONE,NONE,87,82,2998,2908,0,0,0,0,0,55,1,0x00,0x57,64.2,1,0,0,1,0,144,0,2.148,TRUE,FALSE,FALSE,TRUE,TRUE,FALSE,TRUE,TRUE,TRUE,TRUE,TRUE,FALSE,TRUE,TRUE,99.9,60,0,70,0,0,0,15,Multiple Environment,XQUAL,NONE,NONE,13107,1,KOJIN-RE,0,22,999.9,2,2.489,52.0.85.15,35,3.321,8,XQUAL,0,60,64.2,65.8,Ramp To Temperature,PM282,0,0,1.21,1.935,23.228,3.384,5.141,1,550,-1,658,600,0,0,-1,1,0,0,144,0
2023,7,7,21,6,47,27.4,,OMEGAAMC,8,4.097,Cell0208,0x005103,4.887,12,0,0.22,0.168,40,1,1,135,4493,3.292,WXE808KX6102,NONE,0.22,4.997,0.168,12.014,NONE,NONE,87,82,2998,2902,0,0,0,1,0,58,1,0x00,0x57,64.2,1,0,0,1,0,86,0,2.14,TRUE,TRUE,FALSE,TRUE,TRUE,FALSE,TRUE,TRUE,TRUE,TRUE,TRUE,FALSE,TRUE,TRUE,99.9,60,0,70,0,0,0,15,Multiple Environment,XQUAL,NONE,NONE,13107,1,KOJIN-RE,0,22,999.9,2,2.489,52.0.85.15,35,3.321,8,XQUAL,0,60,63.8,63.8,Ramp To Temperature,PM282,0,0,1.21,1.935,23.517,3.384,5.141,1,580,-1,638,600,0,0,-1,1,0,0,95,-9
2023,7,7,21,8,19,27.4,,OMEGAAMC,8,4.097,Cell0208,0x005103,3.643,12,0,0.221,0.171,40,1,1,135,4493,3.292,WXE808KX6102,NONE,0.221,4.995,0.171,12.014,NONE,NONE,87,82,2998,2911,0,0,0,1,0,58,1,0x00,0x57,64.3,1,0,0,1,0,100,0,2.123,TRUE,TRUE,FALSE,TRUE,TRUE,FALSE,TRUE,TRUE,TRUE,TRUE,TRUE,FALSE,TRUE,TRUE,99.9,60,0,70,0,0,0,15,Multiple Environment,XQUAL,NONE,NONE,13107,1,KOJIN-RE,0,22,999.9,2,2.489,52.0.85.15,35,3.321,8,XQUAL,0,60,64.1,64.1,Ramp To Temperature,PM282,0,0,1.21,1.935,23.528,3.384,5.141,1,580,-1,641,600,0,0,-1,1,0,0,102,-2
2023,7,7,21,9,50,27.4,,OMEGAAMC,6,4.097,Cell0208,0x005103,3.609,12,0,0.222,0.165,40,1,1,135,4493,3.292,WXE808KX6102,NONE,0.222,4.996,0.165,12.014,NONE,NONE,87,82,3005,2893,0,0,0,1,0,59,1,0x00,0x57,63.1,1,0,0,1,0,78,0,2.108,TRUE,TRUE,FALSE,TRUE,TRUE,FALSE,TRUE,TRUE,TRUE,TRUE,TRUE,FALSE,TRUE,TRUE,99.9,60,0,70,0,0,0,15,Multiple Environment,XQUAL,NONE,NONE,13107,1,KOJIN-RE,0,22,999.9,2,2.489,52.0.85.15,35,3.321,8,XQUAL,0,60,63.3,63.3,Ramp To Temperature,PM282,0,0,1.209,1.935,23.658,3.385,5.141,1,590,-1,633,600,0,0,-1,1,1,0,74,4
2023,7,7,21,11,21,27.4,,OMEGAAMC,6,4.097,Cell0208,0x005103,2.535,12,0,0.223,0.168,40,1,1,135,4500,3.292,WXE808KX6102,NONE,0.223,4.995,0.168,12.013,NONE,NONE,87,82,2998,2890,0,0,0,1,0,60,1,0x00,0x57,62.4,1,0,0,1,0,51,0,2.1,TRUE,TRUE,FALSE,TRUE,TRUE,FALSE,TRUE,TRUE,TRUE,TRUE,TRUE,FALSE,TRUE,TRUE,99.9,60,0,70,0,0,0,15,Multiple Environment,XQUAL,NONE,NONE,13107,1,KOJIN-RE,0,22,999.9,2,2.489,52.0.85.15,35,3.321,8,XQUAL,0,60,62.5,62.5,Ramp To Temperature,PM282,0,0,1.21,1.935,23.802,3.385,5.141,1,600,-1,625,600,0,0,-1,1,1,0,48,2
2023,7,7,21,12,52,27.4,,OMEGAAMC,6,4.097,Cell0208,0x005103,2.435,12,0,0.222,0.167,40,1,1,135,4493,3.292,WXE808KX6102,NONE,0.222,4.995,0.167,12.013,NONE,NONE,87,82,2992,2896,0,0,0,0,0,61,1,0x00,0x57,62.4,1,0,0,1,0,51,0,2.113,TRUE,FALSE,FALSE,TRUE,TRUE,FALSE,TRUE,TRUE,TRUE,TRUE,TRUE,FALSE,TRUE,TRUE,99.9,60,0,70,0,0,0,15,Multiple Environment,XQUAL,NONE,NONE,13107,1,KOJIN-RE,0,22,999.9,2,2.489,52.0.85.15,35,3.321,8,XQUAL,0,60,62.1,61.4,Ramp To Temperature,PM282,0,0,1.21,1.935,23.673,3.385,5.141,1,610,-1,614,600,0,0,-1,1,1,0,57,-5
2023,7,7,21,14,23,27.4,,OMEGAAMC,6,4.097,Cell0208,0x005103,1.396,12,0,0.222,0.169,40,1,1,136,4514,3.292,WXE808KX6102,NONE,0.222,4.995,0.169,12.013,NONE,NONE,87,82,3005,2890,0,0,0,1,0,61,1,0x00,0x57,61.1,1,0,0,1,0,46,0,2.117,TRUE,TRUE,FALSE,TRUE,TRUE,FALSE,TRUE,TRUE,TRUE,TRUE,TRUE,FALSE,TRUE,TRUE,99.9,60,0,70,0,0,0,15,Multiple Environment,XQUAL,NONE,NONE,13107,1,KOJIN-RE,0,22,999.9,2,2.489,52.0.85.15,35,3.321,8,XQUAL,0,60,61.2,61.2,Ramp To Temperature,PM282,0,0,1.21,1.935,23.674,3.385,5.141,1,610,-1,612,600,0,0,-1,1,1,0,44,2
2023,7,7,21,15,54,27.4,,OMEGAAMC,6,4.097,Cell0208,0x005103,1.21,12,0,0.221,0.163,40,1,1,136,4500,3.292,WXE808KX6102,NONE,0.221,4.995,0.163,12.013,NONE,NONE,87,82,3001,2896,0,0,0,1,0,61,1,0x00,0x57,60.9,1,0,0,1,0,41,0,1.796,TRUE,TRUE,FALSE,TRUE,TRUE,FALSE,TRUE,TRUE,TRUE,TRUE,TRUE,FALSE,TRUE,TRUE,99.9,60,0,70,0,0,0,15,Multiple Environment,XQUAL,NONE,NONE,13107,1,KOJIN-RE,0,22,999.9,2,2.489,52.0.85.15,35,3.321,8,XQUAL,0,60,60.9,60.9,Ramp To Temperature,PM282,0,0,1.21,1.935,23.764,3.385,5.141,1,610,-1,609,600,0,0,-1,1,1,0,41,0
2023,7,7,21,17,26,27.4,,OMEGAAMC,7,4.097,Cell0208,0x005103,1.66,12,0,0.222,0.169,40,1,1,136,4500,3.292,WXE808KX6102,NONE,0.222,4.996,0.169,12.014,NONE,NONE,87,82,3001,2899,0,0,0,1,0,61,1,0x00,0x57,60.8,1,0,0,1,0,44,0,1.829,TRUE,TRUE,FALSE,TRUE,TRUE,FALSE,TRUE,TRUE,TRUE,TRUE,TRUE,FALSE,TRUE,TRUE,99.9,60,0,70,0,0,0,15,Multiple Environment,XQUAL,NONE,NONE,13107,1,KOJIN-RE,0,22,999.9,2,2.489,52.0.85.15,35,3.321,8,XQUAL,0,60,60.8,60.8,Ramp To Temperature,PM282,0,0,1.21,1.935,23.695,3.384,5.141,1,610,-1,608,600,0,0,-1,1,1,0,44,0
2023,7,7,21,18,57,27.4,,OMEGAAMC,7,4.097,Cell0208,0x005103,2.404,12,0,0.222,0.167,40,1,1,136,4507,3.292,WXE808KX6102,NONE,0.222,4.995,0.167,12.013,NONE,NONE,87,82,3001,2902,0,0,0,1,0,61,1,0x00,0x57,60.5,1,0,0,1,0,43,0,1.834,TRUE,TRUE,FALSE,TRUE,TRUE,FALSE,TRUE,TRUE,TRUE,TRUE,TRUE,FALSE,TRUE,TRUE,99.9,60,0,70,0,0,0,15,Multiple Environment,XQUAL,NONE,NONE,13107,1,KOJIN-RE,0,22,999.9,2,2.489,52.0.85.15,35,3.321,8,XQUAL,0,60,60.5,60.5,Ramp To Temperature,PM282,0,0,1.21,1.935,23.687,3.384,5.141,1,610,-1,605,600,0,0,-1,1,1,0,43,0
2023,7,7,21,20,28,27.4,,OMEGAAMC,7,4.097,Cell0208,0x005103,2.43,12,0,0.222,0.168,40,1,1,136,4500,3.292,WXE808KX6102,NONE,0.222,4.996,0.168,12.014,NONE,NONE,87,82,2998,2899,0,0,0,1,0,60,1,0x00,0x57,61.3,1,0,0,1,0,74,0,1.834,TRUE,TRUE,FALSE,TRUE,TRUE,FALSE,TRUE,TRUE,TRUE,TRUE,TRUE,FALSE,TRUE,TRUE,99.9,60,0,70,0,0,0,15,Multiple Environment,XQUAL,NONE,NONE,13107,1,KOJIN-RE,0,22,999.9,2,2.489,52.0.85.15,35,3.321,8,XQUAL,0,60,61.4,61.4,Ramp To Temperature,PM282,0,0,1.21,1.935,23.674,3.385,5.141,1,600,-1,614,600,0,0,-1,1,1,0,71,2
2023,7,7,21,21,59,27.4,,OMEGAAMC,7,4.097,Cell0208,0x005103,2.47,12,0,0.222,0.169,40,1,1,135,4493,3.292,WXE808KX6102,NONE,0.222,4.995,0.169,12.014,NONE,NONE,87,82,3001,2899,0,0,0,0,0,61,1,0x00,0x57,61.3,1,0,0,1,0,45,0,1.826,TRUE,FALSE,FALSE,TRUE,TRUE,FALSE,TRUE,TRUE,TRUE,TRUE,TRUE,FALSE,TRUE,TRUE,99.9,60,0,70,0,0,0,15,Multiple Environment,XQUAL,NONE,NONE,13107,1,KOJIN-RE,0,22,999.9,2,2.489,52.0.85.15,35,3.321,8,XQUAL,0,60,61,60.3,Ramp To Temperature,PM282,0,0,1.21,1.935,23.692,3.385,5.141,1,610,-1,603,600,0,0,-1,1,1,0,50,-4
2023,7,7,21,23,30,27.4,,OMEGAAMC,6,4.097,Cell0208,0x005103,2.506,12,0,0.222,0.172,40,1,1,136,4507,3.292,WXE808KX6102,NONE,0.222,4.996,0.172,12.014,NONE,NONE,87,82,2998,2890,0,0,0,1,0,61,1,0x00,0x57,60.1,1,0,0,1,0,42,0,1.833,TRUE,TRUE,FALSE,TRUE,TRUE,FALSE,TRUE,TRUE,TRUE,TRUE,TRUE,FALSE,TRUE,TRUE,99.9,60,0,70,0,0,0,15,Multiple Environment,XQUAL,NONE,NONE,13107,1,KOJIN-RE,0,22,999.9,2,2.489,52.0.85.15,35,3.321,8,XQUAL,0,60,60.2,60.2,Ramp To Temperature,PM282,0,0,1.21,1.935,23.698,3.385,5.141,1,610,-1,602,600,0,0,-1,1,1,0,40,2
2023,7,7,21,25,1,27.4,,OMEGAAMC,6,4.097,Cell0208,0x005103,2.435,12,0,0.222,0.168,40,1,1,136,4500,3.292,WXE808KX6102,NONE,0.222,4.995,0.168,12.014,NONE,NONE,87,82,2998,2899,0,0,0,1,0,60,1,0x00,0x57,61.3,1,0,0,1,0,57,0,1.835,TRUE,TRUE,FALSE,TRUE,TRUE,FALSE,TRUE,TRUE,TRUE,TRUE,TRUE,FALSE,TRUE,TRUE,99.9,60,0,70,0,0,0,15,Multiple Environment,XQUAL,NONE,NONE,13107,1,KOJIN-RE,0,22,999.9,2,2.489,52.0.85.15,35,3.321,8,XQUAL,0,60,61.1,61.1,Ramp To Temperature,PM282,0,0,1.211,1.935,23.677,3.385,5.141,1,600,-1,611,600,0,0,-1,1,1,0,62,-4
2023,7,7,21,26,33,27.4,,OMEGAAMC,6,4.097,Cell0208,0x005103,2.443,12,0,0.222,0.166,40,1,1,136,4493,3.292,WXE808KX6102,NONE,0.222,4.996,0.166,12.014,NONE,NONE,87,82,2998,2896,0,0,0,1,0,60,1,0x00,0x57,61.1,1,0,0,1,0,53,0,1.822,TRUE,TRUE,FALSE,TRUE,TRUE,FALSE,TRUE,TRUE,TRUE,TRUE,TRUE,FALSE,TRUE,TRUE,99.9,60,0,70,0,0,0,15,Multiple Environment,XQUAL,NONE,NONE,13107,1,KOJIN-RE,0,22,999.9,2,2.489,52.0.85.15,35,3.321,8,XQUAL,0,60,61.1,61.1,Ramp To Temperature,PM282,0,0,1.21,1.935,23.703,3.385,5.141,1,600,-1,611,600,0,0,-1,1,1,0,53,0
2023,7,7,21,28,4,27.4,,OMEGAAMC,7,4.097,Cell0208,0x005103,2.59,12,0,0.222,0.165,40,1,1,136,4507,3.292,WXE808KX6102,NONE,0.222,4.995,0.165,12.014,NONE,NONE,87,82,3008,2899,0,0,0,1,0,60,1,0x00,0x57,61.1,1,0,0,1,0,52,0,1.832,TRUE,TRUE,FALSE,TRUE,TRUE,FALSE,TRUE,TRUE,TRUE,TRUE,TRUE,FALSE,TRUE,TRUE,99.9,60,0,70,0,0,0,15,Multiple Environment,XQUAL,NONE,NONE,13107,1,KOJIN-RE,0,22,999.9,2,2.489,52.0.85.15,35,3.321,8,XQUAL,0,60,61.1,61.1,Ramp To Temperature,PM282,0,0,1.211,1.935,23.688,3.385,5.141,1,600,-1,611,600,0,0,-1,1,1,0,52,0
2023,7,7,21,29,35,27.4,,OMEGAAMC,9,4.097,Cell0208,0x005103,2.455,12,0,0.222,0.168,40,1,1,136,4500,3.292,WXE808KX6102,NONE,0.222,4.996,0.168,12.014,NONE,NONE,87,82,3001,2902,0,0,0,1,0,60,1,0x00,0x57,61.1,1,0,0,1,0,52,0,1.827,TRUE,TRUE,FALSE,TRUE,TRUE,FALSE,TRUE,TRUE,TRUE,TRUE,TRUE,FALSE,TRUE,TRUE,99.9,60,0,70,0,0,0,15,Multiple Environment,XQUAL,NONE,NONE,13107,1,KOJIN-RE,0,22,999.9,2,2.489,52.0.85.15,35,3.321,8,XQUAL,0,60,61.1,61.1,Ramp To Temperature,PM282,0,0,1.21,1.935,23.692,3.385,5.141,1,600,-1,611,600,0,0,-1,1,1,0,52,0
2023,7,7,21,31,6,27.4,,OMEGAAMC,10,4.097,Cell0208,0x005103,2.465,12,0,0.222,0.168,40,1,1,136,4500,3.292,WXE808KX6102,NONE,0.222,4.996,0.168,12.013,NONE,NONE,87,82,3001,2899,0,0,0,1,0,60,1,0x00,0x57,61.1,1,0,0,1,0,52,0,1.837,TRUE,TRUE,FALSE,TRUE,TRUE,FALSE,TRUE,TRUE,TRUE,TRUE,TRUE,FALSE,TRUE,TRUE,99.9,60,0,70,0,0,0,15,Multiple Environment,XQUAL,NONE,NONE,13107,1,KOJIN-RE,0,22,999.9,2,2.489,52.0.85.15,35,3.321,8,XQUAL,0,60,61.1,61.1,Ramp To Temperature,PM282,0,0,1.21,1.935,23.696,3.385,5.141,1,600,-1,611,600,0,0,-1,1,1,0,52,0
2023,7,7,21,32,37,27.4,,OMEGAAMC,11,4.097,Cell0208,0x005103,2.429,12,0,0.222,0.167,40,1,1,136,4507,3.292,WXE808KX6102,NONE,0.222,4.995,0.167,12.014,NONE,NONE,87,82,2992,2896,0,0,0,1,0,60,1,0x00,0x57,61.1,1,0,0,1,0,52,0,1.823,TRUE,TRUE,FALSE,TRUE,TRUE,FALSE,TRUE,TRUE,TRUE,TRUE,TRUE,FALSE,TRUE,TRUE,99.9,60,0,70,0,0,0,15,Multiple Environment,XQUAL,NONE,NONE,13107,1,KOJIN-RE,0,22,999.9,2,2.489,52.0.85.15,35,3.321,8,XQUAL,0,60,61.1,61.1,Ramp To Temperature,PM282,0,0,1.21,1.935,23.81,3.385,5.141,1,600,-1,611,600,0,0,-1,1,1,0,52,0
2023,7,7,21,34,9,27.4,,OMEGAAMC,10,4.097,Cell0208,0x005103,1.219,12,0,0.222,0.167,40,1,1,136,4507,3.292,WXE808KX6102,NONE,0.222,4.995,0.167,12.014,NONE,NONE,87,82,2998,2899,0,0,0,1,0,61,1,0x00,0x57,59.8,1,0,0,1,0,29,0,1.834,TRUE,TRUE,FALSE,TRUE,TRUE,FALSE,TRUE,TRUE,TRUE,TRUE,TRUE,FALSE,TRUE,TRUE,99.9,60,0,70,0,0,0,15,Multiple Environment,XQUAL,NONE,NONE,13107,1,KOJIN-RE,0,22,999.9,2,2.489,52.0.85.15,35,3.321,8,XQUAL,0,60,60,60,Ramp To Temperature,PM282,0,0,1.211,1.935,23.858,3.385,5.142,1,610,-1,600,600,0,0,-1,1,1,0,25,4
2023,7,7,21,35,40,27.4,,OMEGAAMC,9,4.097,Cell0208,0x005103,1.31,12,0,0.222,0.166,40,1,1,136,4507,3.292,WXE808KX6102,NONE,0.222,4.995,0.166,12.014,NONE,NONE,87,82,3001,2896,0,0,0,0,0,60,1,0x00,0x57,59.4,1,0,0,1,0,17,0,1.822,TRUE,FALSE,FALSE,TRUE,TRUE,FALSE,TRUE,TRUE,TRUE,TRUE,TRUE,FALSE,TRUE,TRUE,99.9,60,0,70,0,0,0,15,Multiple Environment,XQUAL,NONE,NONE,13107,1,KOJIN-RE,0,22,999.9,2,2.489,52.0.85.15,35,3.321,8,XQUAL,0,35,59.2,35,Ramp To Temperature,PM282,0,0,1.21,1.935,23.995,3.385,5.141,1,600,-1,350,350,0,0,-1,1,0,0,23,-5
2023,7,7,21,37,11,27.4,,OMEGAAMC,8,4.097,Cell0208,0x005103,1.128,12,0,0.222,0.167,40,1,1,135,4486,3.292,WXE808KX6102,NONE,0.222,4.995,0.167,12.013,NONE,NONE,87,82,2992,2902,0,0,0,0,0,60,1,0x00,0x57,57.8,1,0,0,1,0,5,0,1.942,TRUE,FALSE,FALSE,TRUE,TRUE,FALSE,TRUE,TRUE,TRUE,TRUE,TRUE,FALSE,TRUE,TRUE,99.9,60,0,70,0,0,0,15,Multiple Environment,XQUAL,NONE,NONE,13107,1,KOJIN-RE,0,22,999.9,2,2.489,52.0.85.15,35,3.321,8,XQUAL,0,35,57.7,17,Ramp To Temperature,PM282,0,0,1.21,1.935,23.995,3.385,5.141,1,600,-1,170,350,0,0,-1,1,0,0,6,-1
2023,7,7,21,38,42,27.7,,OMEGAAMC,8,4.097,Cell0208,0x005103,0.003,12,18,0.221,0.168,40,1,1,137,4500,3.292,WXE808KX6102,NONE,0.221,4.995,0.168,12.014,NONE,NONE,87,82,3001,2899,0,0,0,0,0,59,1,0x00,0x57,56.5,1,0,0,1,0,0,0,1.831,TRUE,FALSE,FALSE,TRUE,TRUE,FALSE,TRUE,TRUE,TRUE,TRUE,TRUE,FALSE,TRUE,TRUE,99.9,60,0,70,0,0,0,15,Multiple Environment,XQUAL,NONE,NONE,13107,1,KOJIN-RE,0,22,999.9,2,2.489,52.0.85.15,35,3.321,8,XQUAL,0,35,56.2,17,Ramp To Temperature,PM282,0,0,1.21,1.935,23.997,3.385,5.141,1,590,-1,170,350,0,0,-1,1,0,0,-12,-6
2023,7,7,21,40,13,27.7,,OMEGAAMC,7,4.097,Cell0208,0x005103,0.003,12,59,0.221,0.167,40,1,1,137,4500,3.292,WXE808KX6102,NONE,0.221,4.995,0.167,12.013,NONE,NONE,87,82,3011,2905,0,0,0,0,0,59,1,0x00,0x57,54.9,1,0,0,1,0,0,0,1.83,TRUE,FALSE,FALSE,TRUE,TRUE,FALSE,TRUE,TRUE,TRUE,TRUE,TRUE,FALSE,TRUE,TRUE,99.9,60,0,70,0,0,0,15,Multiple Environment,XQUAL,NONE,NONE,13107,1,KOJIN-RE,0,22,999.9,2,2.489,52.0.85.15,35,3.321,8,XQUAL,0,35,54.7,17,Ramp To Temperature,PM282,0,0,1.21,1.935,23.995,3.385,5.141,1,590,-1,170,350,0,0,-1,1,0,0,-55,-4
2023,7,7,21,41,44,27.7,,OMEGAAMC,9,4.097,Cell0208,0x005103,0.003,12,72,0.22,0.167,40,1,1,136,4500,3.291,WXE808KX6102,NONE,0.22,4.996,0.167,12.013,NONE,NONE,87,82,3001,2905,0,0,0,0,0,58,1,0x00,0x57,53.2,1,0,0,1,0,0,0,1.827,TRUE,FALSE,FALSE,TRUE,TRUE,FALSE,TRUE,TRUE,TRUE,TRUE,TRUE,FALSE,TRUE,TRUE,99.9,60,0,70,0,0,0,15,Multiple Environment,XQUAL,NONE,NONE,13107,1,KOJIN-RE,0,22,999.9,2,2.489,52.0.85.15,35,3.321,8,XQUAL,0,35,53.2,17,Ramp To Temperature,PM282,0,0,1.21,1.935,23.997,3.385,5.141,1,580,-1,170,350,0,0,-1,1,0,0,-70,-1
2023,7,7,21,43,16,27.7,,OMEGAAMC,10,4.097,Cell0208,0x005103,0.004,12,78,0.218,0.17,40,1,1,136,4500,3.292,WXE808KX6102,NONE,0.218,4.995,0.17,12.013,NONE,NONE,87,82,3001,2896,0,0,0,0,0,56,1,0x00,0x57,51.7,1,0,0,1,0,0,0,1.827,TRUE,FALSE,FALSE,TRUE,TRUE,FALSE,TRUE,TRUE,TRUE,TRUE,TRUE,FALSE,TRUE,TRUE,99.9,60,0,70,-6,0,0,15,Multiple Environment,XQUAL,NONE,NONE,13107,1,KOJIN-RE,0,22,999.9,2,2.489,52.0.85.15,35,3.321,8,XQUAL,0,35,51.6,17,Ramp To Temperature,PM282,0,0,1.21,1.935,23.995,3.385,5.141,1,560,-1,170,350,0,0,-1,1,0,0,-78,0
2023,7,7,21,44,47,28.1,,OMEGAAMC,10,4.097,Cell0208,0x005103,0.003,12,87,0.217,0.165,40,1,1,135,4493,3.291,WXE808KX6102,NONE,0.217,4.995,0.165,12.013,NONE,NONE,87,82,2998,2911,0,0,0,0,0,55,1,0x00,0x57,50.2,1,0,0,1,0,0,0,1.88,TRUE,FALSE,FALSE,TRUE,TRUE,FALSE,TRUE,TRUE,TRUE,TRUE,TRUE,FALSE,TRUE,TRUE,99.9,60,0,70,0,0,0,15,Multiple Environment,XQUAL,NONE,NONE,13107,1,KOJIN-RE,0,22,999.9,2,2.489,52.0.85.15,35,3.321,8,XQUAL,0,35,50.1,17,Ramp To Temperature,PM282,0,0,1.21,1.935,23.992,3.385,5.141,1,550,-1,170,350,0,0,-1,1,0,0,-86,0
2023,7,7,21,46,18,28.1,,OMEGAAMC,9,4.097,Cell0208,0x005103,0.004,12,96,0.216,0.17,40,1,1,135,4507,3.291,WXE808KX6102,NONE,0.215,4.995,0.17,12.013,NONE,NONE,87,82,3008,2905,0,0,0,0,0,54,1,0x00,0x57,48.7,1,0,0,1,0,0,0,1.824,TRUE,FALSE,FALSE,TRUE,TRUE,FALSE,TRUE,TRUE,TRUE,TRUE,TRUE,FALSE,TRUE,TRUE,99.9,60,0,70,0,0,0,15,Multiple Environment,XQUAL,NONE,NONE,13107,1,KOJIN-RE,0,22,999.9,2,2.489,52.0.85.15,35,3.321,8,XQUAL,0,35,48.6,17,Ramp To Temperature,PM282,0,0,1.21,1.935,23.994,3.385,5.141,1,540,-1,170,350,0,0,-1,1,0,0,-95,0
2023,7,7,21,47,49,28.1,,OMEGAAMC,11,4.097,Cell0208,0x005103,0.004,12,102,0.215,0.172,40,1,1,135,4507,3.291,WXE808KX6102,NONE,0.215,4.995,0.172,12.013,NONE,NONE,87,82,3005,2911,0,0,0,0,0,53,1,0x00,0x57,47.2,1,0,0,1,0,0,0,1.829,TRUE,FALSE,FALSE,TRUE,TRUE,FALSE,TRUE,TRUE,TRUE,TRUE,TRUE,FALSE,TRUE,TRUE,99.9,60,0,70,0,0,0,15,Multiple Environment,XQUAL,NONE,NONE,13107,1,KOJIN-RE,0,22,999.9,2,2.489,52.0.85.15,35,3.321,8,XQUAL,0,35,47.1,17,Ramp To Temperature,PM282,0,0,1.21,1.935,23.994,3.385,5.141,1,530,-1,170,350,0,0,-1,1,0,0,-101,0
2023,7,7,21,49,20,28.4,,OMEGAAMC,10,4.097,Cell0208,0x005103,0.004,12,109,0.214,0.169,40,1,1,134,4493,3.291,WXE808KX6102,NONE,0.214,4.995,0.169,12.013,NONE,NONE,87,82,3005,2902,0,0,0,0,0,52,1,0x00,0x57,45.7,1,0,0,1,0,0,0,1.825,TRUE,FALSE,FALSE,TRUE,TRUE,FALSE,TRUE,TRUE,TRUE,TRUE,TRUE,FALSE,TRUE,TRUE,99.9,60,0,70,0,0,0,15,Multiple Environment,XQUAL,NONE,NONE,13107,1,KOJIN-RE,0,22,999.9,2,2.489,52.0.85.15,35,3.321,8,XQUAL,0,35,45.6,18,Ramp To Temperature,PM282,0,0,1.21,1.935,23.978,3.385,5.141,1,520,-1,180,350,0,0,-1,1,0,0,-108,-1
2023,7,7,21,50,51,28.8,,OMEGAAMC,8,4.097,Cell0208,0x005103,0.004,12,120,0.214,0.175,40,1,1,134,4514,3.291,WXE808KX6102,NONE,0.214,4.995,0.175,12.012,NONE,NONE,87,82,2995,2902,0,0,0,0,0,50,1,0x00,0x57,44.2,1,0,0,1,0,0,0,1.842,TRUE,FALSE,FALSE,TRUE,TRUE,FALSE,TRUE,TRUE,TRUE,TRUE,TRUE,FALSE,TRUE,TRUE,99.9,60,0,70,0,0,0,15,Multiple Environment,XQUAL,NONE,NONE,13107,1,KOJIN-RE,0,22,999.9,2,2.489,52.0.85.15,35,3.321,8,XQUAL,0,35,44.1,20,Ramp To Temperature,PM282,0,0,1.21,1.935,23.994,3.385,5.141,1,500,-1,200,350,0,0,-1,1,0,0,-118,-1
2023,7,7,21,52,22,28.4,,OMEGAAMC,8,4.097,Cell0208,0x005103,0.004,12,129,0.213,0.182,40,1,1,133,4486,3.291,WXE808KX6102,NONE,0.213,4.995,0.182,12.012,NONE,NONE,87,82,2992,2893,0,0,0,0,0,48,1,0x00,0x57,42.7,1,0,0,1,0,0,0,1.837,TRUE,FALSE,FALSE,TRUE,TRUE,FALSE,TRUE,TRUE,TRUE,TRUE,TRUE,FALSE,TRUE,TRUE,99.9,60,0,70,0,0,0,15,Multiple Environment,XQUAL,NONE,NONE,13107,1,KOJIN-RE,0,22,999.9,2,2.489,52.0.85.15,35,3.321,8,XQUAL,0,35,42.6,22,Ramp To Temperature,PM282,0,0,1.21,1.935,23.992,3.385,5.141,1,480,-1,220,350,0,0,-1,1,0,0,-127,-1
2023,7,7,21,53,54,28.8,,OMEGAAMC,8,4.097,Cell0208,0x005103,0.004,12,146,0.212,0.179,40,1,1,133,4514,3.291,WXE808KX6102,NONE,0.212,4.995,0.179,12.012,NONE,NONE,87,83,2992,2905,0,0,0,0,0,47,1,0x00,0x57,41.2,1,0,0,1,0,0,0,1.845,TRUE,FALSE,FALSE,TRUE,TRUE,FALSE,TRUE,TRUE,TRUE,TRUE,TRUE,FALSE,TRUE,TRUE,99.9,60,0,70,0,0,0,15,Multiple Environment,XQUAL,NONE,NONE,13107,1,KOJIN-RE,0,22,999.9,2,2.489,52.0.85.15,35,3.321,8,XQUAL,0,35,41.1,23,Ramp To Temperature,PM282,0,0,1.21,1.935,23.992,3.385,5.141,1,470,-1,230,350,0,0,-1,1,0,0,-144,-1
2023,7,7,21,55,25,28.8,,OMEGAAMC,7,4.097,Cell0208,0x005103,0.005,12,173,0.212,0.182,40,1,1,130,4493,3.291,WXE808KX6102,NONE,0.212,4.995,0.182,12.012,NONE,NONE,87,83,2989,2908,0,0,0,0,0,45,1,0x00,0x57,39.7,1,0,0,1,0,0,0,1.844,TRUE,FALSE,FALSE,TRUE,TRUE,FALSE,TRUE,TRUE,TRUE,TRUE,TRUE,FALSE,TRUE,TRUE,99.9,60,0,70,0,0,0,15,Multiple Environment,XQUAL,NONE,NONE,13107,1,KOJIN-RE,0,22,999.9,2,2.489,52.0.85.15,35,3.321,8,XQUAL,0,35,39.5,25,Ramp To Temperature,PM282,0,0,1.21,1.935,23.994,3.385,5.141,1,450,-1,250,350,0,0,-1,1,0,0,-169,-4
2023,7,7,21,56,56,28.8,,OMEGAAMC,8,4.097,Cell0208,0x005103,0.005,12,195,0.211,0.18,40,1,1,128,4514,3.291,WXE808KX6102,NONE,0.211,4.995,0.18,12.012,NONE,NONE,87,82,2982,2923,0,0,0,0,0,44,1,0x00,0x57,38.2,1,0,0,1,0,0,0,1.832,TRUE,FALSE,FALSE,TRUE,TRUE,FALSE,TRUE,TRUE,TRUE,TRUE,TRUE,FALSE,TRUE,TRUE,99.9,60,0,70,0,0,0,15,Multiple Environment,XQUAL,NONE,NONE,13107,1,KOJIN-RE,0,22,999.9,2,2.489,52.0.85.15,35,3.321,8,XQUAL,0,35,38,26,Ramp To Temperature,PM282,0,0,1.21,1.935,23.992,3.385,5.141,1,440,-1,260,350,0,0,-1,1,0,0,-193,-2
2023,7,7,21,58,27,28.4,,OMEGAAMC,8,4.097,Cell0208,0x005103,0.004,12,220,0.21,0.184,40,1,1,124,4507,3.291,WXE808KX6102,NONE,0.21,4.994,0.184,12.012,NONE,NONE,87,83,2985,2899,0,0,0,0,0,42,1,0x00,0x57,36.7,1,0,0,1,0,0,0,1.827,TRUE,FALSE,FALSE,TRUE,TRUE,FALSE,TRUE,TRUE,TRUE,TRUE,TRUE,FALSE,TRUE,TRUE,99.9,60,0,70,0,0,0,15,Multiple Environment,XQUAL,NONE,NONE,13107,1,KOJIN-RE,0,22,999.9,2,2.489,52.0.85.15,35,3.321,8,XQUAL,0,35,36.5,28,Ramp To Temperature,PM282,0,0,1.21,1.935,23.997,3.385,5.141,1,420,-1,280,350,0,0,-1,1,0,0,-217,-2
2023,7,7,21,59,58,28.4,,OMEGAAMC,7,4.097,Cell0208,0x005103,0.004,12,244,0.209,0.185,40,1,1,120,4514,3.291,WXE808KX6102,NONE,0.209,4.995,0.185,12.012,NONE,NONE,88,83,3014,2911,0,0,0,0,0,42,1,0x00,0x57,35.2,1,0,0,1,0,0,0,1.828,TRUE,FALSE,FALSE,TRUE,TRUE,FALSE,TRUE,TRUE,TRUE,TRUE,TRUE,FALSE,TRUE,TRUE,99.9,60,0,70,-6,0,0,15,Multiple Environment,XQUAL,NONE,NONE,13107,1,KOJIN-RE,0,22,999.9,2,2.489,52.0.85.15,35,3.321,8,XQUAL,0,35,35,28,Ramp To Temperature,PM282,0,0,1.21,1.935,23.995,3.384,5.141,1,420,-1,280,350,0,0,-1,1,0,0,-241,-3
2023,7,7,22,1,29,28.1,,OMEGAAMC,8,4.097,Cell0208,0x005103,0.004,12,255,0.209,0.19,40,1,1,118,4500,3.291,WXE808KX6102,NONE,0.209,4.995,0.19,12.012,NONE,NONE,88,83,3005,2893,0,0,0,0,0,41,1,0x00,0x57,34.2,1,0,0,1,0,0,0,1.814,TRUE,FALSE,FALSE,TRUE,TRUE,FALSE,TRUE,TRUE,TRUE,TRUE,TRUE,FALSE,TRUE,TRUE,99.9,60,0,70,0,0,0,15,Multiple Environment,XQUAL,NONE,NONE,13107,1,KOJIN-RE,0,22,999.9,2,2.489,52.0.85.15,35,3.321,8,XQUAL,0,35,33.5,29,Ramp To Temperature,PM282,0,0,1.21,1.935,23.995,3.384,5.141,1,410,-1,290,350,0,0,-1,1,0,0,-255,-14
2023,7,7,22,3,0,28.1,,OMEGAAMC,8,4.097,Cell0208,0x005103,0.004,12,255,0.208,0.188,40,1,1,118,4500,3.291,WXE808KX6102,NONE,0.208,4.995,0.188,12.012,NONE,NONE,88,83,3008,2902,0,0,0,0,0,40,1,0x00,0x57,33.4,1,0,0,1,0,0,0,1.819,TRUE,FALSE,FALSE,TRUE,TRUE,FALSE,TRUE,TRUE,TRUE,TRUE,TRUE,FALSE,TRUE,TRUE,99.9,60,0,70,0,0,0,15,Multiple Environment,XQUAL,NONE,NONE,13107,1,KOJIN-RE,0,22,999.9,2,2.489,52.0.85.15,35,3.321,8,XQUAL,0,35,32,30,Ramp To Temperature,PM282,0,0,1.21,1.935,23.997,3.384,5.141,1,400,-1,300,350,0,0,-1,1,0,0,-255,-30
2023,7,7,22,4,32,28.1,,OMEGAAMC,6,4.097,Cell0208,0x005103,0.005,12,255,0.207,0.188,40,1,1,118,4514,3.291,WXE808KX6102,NONE,0.207,4.995,0.188,12.012,NONE,NONE,87,83,2989,2899,0,0,0,0,0,38,1,0x00,0x57,32.7,1,0,0,1,0,0,0,1.368,TRUE,FALSE,FALSE,TRUE,TRUE,FALSE,TRUE,TRUE,TRUE,TRUE,TRUE,FALSE,TRUE,TRUE,99.9,60,0,70,0,0,0,15,Multiple Environment,XQUAL,NONE,NONE,13107,1,KOJIN-RE,0,22,999.9,2,2.489,52.0.85.15,35,3.321,8,XQUAL,0,35,30.8,30.8,Ramp To Temperature,PM282,0,0,1.21,1.935,24.054,3.385,5.141,1,380,-1,308,350,0,0,-1,1,0,0,-255,-45
2023,7,7,22,6,3,28.1,,OMEGAAMC,6,4.097,Cell0208,0x005103,0.005,12,255,0.206,0.193,40,1,1,118,4500,3.291,WXE808KX6102,NONE,0.206,4.995,0.193,12.012,NONE,NONE,87,83,2998,2917,0,0,0,0,0,37,1,0x00,0x57,32,1,0,0,1,0,0,0,1.232,TRUE,FALSE,FALSE,TRUE,TRUE,FALSE,TRUE,TRUE,TRUE,TRUE,TRUE,FALSE,TRUE,TRUE,99.9,60,0,70,0,0,0,15,Multiple Environment,XQUAL,NONE,NONE,13107,1,KOJIN-RE,0,22,999.9,2,2.489,52.0.85.15,35,3.321,8,XQUAL,0,35,30.8,31.4,Ramp To Temperature,PM282,0,0,1.21,1.935,24.069,3.385,5.141,1,370,-1,314,350,0,0,-1,1,0,0,-255,-27
2023,7,7,22,7,34,28.1,,OMEGAAMC,6,4.097,Cell0208,0x005103,0.004,12,255,0.001,0,40,1,1,117,4493,3.291,WXE808KX6102,NONE,0.001,0.025,0,0.023,NONE,NONE,87,83,3011,2908,0,0,0,1,0,37,1,0x00,0x57,31.5,1,0,0,1,0,0,0,1.067,TRUE,TRUE,FALSE,TRUE,TRUE,FALSE,TRUE,TRUE,TRUE,TRUE,TRUE,FALSE,TRUE,TRUE,99.9,60,0,70,0,0,0,15,Multiple Environment,XQUAL,NONE,NONE,8224,1,KOJIN-RE,0,22,999.9,2,2.489,52.0.85.15,35,3.321,8,XQUAL,0,35,31.2,31.9,Ramp To Temperature,PM282,0,0,1.21,1.935,24.091,3.385,5.141,1,360,-1,319,350,0,0,-1,1,1,0,-255,-6
2023,7,7,22,9,5,27.7,,OMEGAAMC,6,4.097,Cell0208,0x005103,0.004,12,148,0.001,0,40,1,1,131,4507,3.292,WXE808KX6102,NONE,0.001,0.024,0,0.02,00000;00000;00000;00000,NONE,87,83,3005,2899,0,0,0,1,0,-1,1,0x00,0x57,31.4,0,0,0,0,0,0,0,1.082,TRUE,TRUE,FALSE,TRUE,TRUE,FALSE,TRUE,TRUE,TRUE,TRUE,TRUE,FALSE,TRUE,TRUE,99.9,60,-1,70,0,0,-1,15,Multiple Environment,XQUAL,NONE,NONE,8224,1,KOJIN-RE,0,22,999.9,2,2.489,52.0.85.15,35,3.321,8,XQUAL,0,-1,31.9,31.9,Ramp To Temperature,PM282,0,0,1.21,1.935,24.09,3.385,5.141,0,360,-1,319,350,0,0,-1,1,1,0,-159,11
2023,7,7,22,9,6,27.7,,OMEGAAMC,6,4.097,Cell0208,0x005103,0.004,12,149,0.001,0,40,1,1,131,4507,3.292,WXE808KX6102,NONE,0.001,0.024,0,0.02,00000;00000;00000;00000,NONE,87,83,3008,2902,0,0,0,1,0,-1,1,0x00,0x57,31.5,0,0,0,0,0,0,0,1.082,TRUE,TRUE,FALSE,TRUE,TRUE,FALSE,TRUE,TRUE,TRUE,TRUE,TRUE,FALSE,TRUE,TRUE,99.9,60,-1,70,6,0,-1,15,Multiple Environment,XQUAL,NONE,NONE,8224,1,KOJIN-RE,0,22,999.9,2,2.489,52.0.85.15,35,3.321,8,XQUAL,0,-1,31.9,31.9,Ramp To Temperature,PM282,0,0,1.21,1.935,24.088,3.385,5.141,0,360,-1,319,350,0,0,-1,1,1,0,-158,9
2023,7,7,22,9,7,27.7,,OMEGAAMC,6,4.097,Cell0208,0x005103,0.004,12,149,0.001,0,40,1,1,131,4500,3.291,WXE808KX6102,NONE,0.001,0.024,0,0.02,00000;00000;00000;00000,NONE,87,83,3005,2893,0,0,0,0,0,-1,1,0x00,0x57,31.5,0,0,0,0,0,0,0,1.082,TRUE,FALSE,FALSE,TRUE,TRUE,FALSE,TRUE,TRUE,TRUE,TRUE,TRUE,FALSE,TRUE,TRUE,99.9,60,-1,70,0,0,-1,15,Multiple Environment,XQUAL,NONE,NONE,8224,1,KOJIN-RE,0,22,999.9,2,2.489,52.0.85.15,35,3.321,8,XQUAL,0,-1,31.5,35,Ramp To Temperature,PM282,0,0,1.21,1.935,24.088,3.385,5.141,0,360,-1,319,350,0,0,-1,1,1,0,-158,9
